{"sections":{"custom_home_silder_tXgf4z":{"type":"custom-home-silder","blocks":{"image_UFTwHm":{"type":"image","settings":{"carousel_image":"shopify:\/\/shop_images\/banner-right.png","carousel_title":"<h2>Lorem Ipsum <strong>for face & Body <\/strong><\/h2><p><\/p>","carousel_offer":"<p class=\"hote\">Hot<\/p>                                <p class=\"deals\">Deals<\/p>                                   <p class=\"offer\">With Offers<\/p>","carousel_product_description":"Lorem vitae odio quis nisl dapibus\n                                        malesuada. Nullam ac aliquet velit.\n                                        Aliquam vulputate.Lorem vitae odio\n                                        quis nisl dapibus malesuada. Nullam\n                                        ac aliquet velit. Aliquam\n                                        vulputate.Lorem vitae odio\n                                        quis nisl dapibus malesuada. Nullam\n                                        ac aliquet velit. Aliquam vulputate.\n                                        Lorem vitae odio quis nisl dapibus\n                                        malesuada. Nullam ac aliquet velit.\n                                        liquam vulputate.","carousel_link":"#","carousel_button_text":"Explore Products","carousel_autoplay":false}},"image_KTybAt":{"type":"image","settings":{"carousel_image":"shopify:\/\/shop_images\/banner-right.png","carousel_title":"<h2>Lorem Ipsum <strong>for face & Body <\/strong><\/h2><p><\/p>","carousel_offer":"<p class=\"hote\">Hot<\/p>                                <p class=\"deals\">Deals<\/p>                                   <p class=\"offer\">With Offers<\/p>","carousel_product_description":"Lorem vitae odio quis nisl dapibus\n                                        malesuada. Nullam ac aliquet velit.\n                                        Aliquam vulputate.Lorem vitae odio\n                                        quis nisl dapibus malesuada. Nullam\n                                        ac aliquet velit. Aliquam\n                                        vulputate.Lorem vitae odio\n                                        quis nisl dapibus malesuada. Nullam\n                                        ac aliquet velit. Aliquam vulputate.\n                                        Lorem vitae odio quis nisl dapibus\n                                        malesuada. Nullam ac aliquet velit.\n                                        liquam vulputate.","carousel_link":"#","carousel_button_text":"Explore Products","carousel_autoplay":false}}},"block_order":["image_UFTwHm","image_KTybAt"],"settings":{"carousel_autoplay":false,"crousel_background":"shopify:\/\/shop_images\/banner-images.png"}},"custom_skin_care_section_GmexPd":{"type":"custom-skin-care-section","blocks":{"skin_block_Yc7Jtd":{"type":"skin_block","settings":{"skin_image":"shopify:\/\/shop_images\/skin-protect.png","skin_sub_heading":"Skin","skin_heading":"Protect"}},"skin_block_7y9Jd3":{"type":"skin_block","settings":{"skin_image":"shopify:\/\/shop_images\/fully-skin.png","skin_sub_heading":"Fully","skin_heading":"Skin Spot"}},"skin_block_AXYRAF":{"type":"skin_block","settings":{"skin_image":"shopify:\/\/shop_images\/glow-face.png","skin_sub_heading":"Natural","skin_heading":"Glow Face"}}},"block_order":["skin_block_Yc7Jtd","skin_block_7y9Jd3","skin_block_AXYRAF"],"settings":{}},"custom_product_section_F8trA8":{"type":"custom-product-section","settings":{"selected_collection":"frontpage","products_heading":"New On Sale"}},"custom_quick_results_GnjBfW":{"type":"custom-quick-results","blocks":{"quick_result_block_HWwHAk":{"type":"quick_result_block","settings":{"quick_heading":"Joyful Mood","quick_desc":"Lorem Ipsum Is Simply Dummy Text the Printing And Typesetting Industry."}},"quick_result_block_MknQD8":{"type":"quick_result_block","settings":{"quick_heading":"Joyful Mood","quick_desc":"Lorem Ipsum Is Simply Dummy Text the Printing And Typesetting Industry."}},"quick_result_block_tJtAxt":{"type":"quick_result_block","settings":{"quick_heading":"Joyful Mood","quick_desc":"Lorem Ipsum Is Simply Dummy Text the Printing And Typesetting Industry."}},"quick_result_block_x8gBkW":{"type":"quick_result_block","settings":{"quick_heading":"Joyful Mood","quick_desc":"Lorem Ipsum Is Simply Dummy Text the Printing And Typesetting Industry."}},"quick_result_block_xXH3t7":{"type":"quick_result_block","settings":{"quick_heading":"Joyful Mood","quick_desc":"Lorem Ipsum Is Simply Dummy Text the Printing And Typesetting Industry."}},"quick_result_block_jrhcyb":{"type":"quick_result_block","settings":{"quick_heading":"Joyful Mood","quick_desc":"Lorem Ipsum Is Simply Dummy Text the Printing And Typesetting Industry."}},"quick_result_block_UR7XqY":{"type":"quick_result_block","settings":{"quick_heading":"Joyful Mood","quick_desc":"Lorem Ipsum Is Simply Dummy Text the Printing And Typesetting Industry."}},"quick_result_block_VN8QcC":{"type":"quick_result_block","settings":{"quick_heading":"Joyful Mood","quick_desc":"Lorem Ipsum Is Simply Dummy Text the Printing And Typesetting Industry."}},"quick_result_block_PhLJdj":{"type":"quick_result_block","settings":{"quick_heading":"Joyful Mood","quick_desc":"Lorem Ipsum Is Simply Dummy Text the Printing And Typesetting Industry."}},"quick_result_block_AiDbJC":{"type":"quick_result_block","settings":{"quick_heading":"Joyful Mood","quick_desc":"Lorem Ipsum Is Simply Dummy Text the Printing And Typesetting Industry."}}},"block_order":["quick_result_block_HWwHAk","quick_result_block_MknQD8","quick_result_block_tJtAxt","quick_result_block_x8gBkW","quick_result_block_xXH3t7","quick_result_block_jrhcyb","quick_result_block_UR7XqY","quick_result_block_VN8QcC","quick_result_block_PhLJdj","quick_result_block_AiDbJC"],"settings":{"quick_sec_heading":"Quick Results","quick_sec_sub_heading":"Perfect Shades","quick_sec_image":"shopify:\/\/shop_images\/results.png"}},"custom_star_section_Yte9yA":{"type":"custom-star-section","settings":{"star_image":"shopify:\/\/shop_images\/star-women.png","star_bck_image":"shopify:\/\/shop_images\/star-bg.png","star_link":"<p><a href=\"#\" title=\"Shop Now\">Shop Now<\/a><\/p>","star_desc":"<h5>GET UP 20%-50% OFF<\/h5><h3>A Perfect And Incredible ,                            Beautifying Attractiveness Cosmetics !<\/h3><p>Beauty Store Sale Minimum 55% Discount Or Up to 80%                            Off On A Big Range Of cosmeti<\/p>"}},"custom_collections_tTNJUF":{"type":"custom-collections","settings":{}},"custom_product_section_wPH4fX":{"type":"custom-product-section","settings":{"selected_collection":"best-seller","products_heading":"Best Seller"}},"custom_testimonials_gM4zQw":{"type":"custom-testimonials","blocks":{"testimonial_block_hLU7a4":{"type":"testimonial_block","settings":{"testi_image":"shopify:\/\/shop_images\/john.png","testi_desc_heading":"Lorem ipsum Penatibus eros congue am aliquet\n                                lectus\n                                in\n                                imperdiet vel mattis sed enim enim pulvinar\n                                posuere\n                                augue duis lorem lectus at facilisi in nibh at\n                                quam\n                                in\n                                justo, sit auctor morbi eget aliquam site lorem\n                                gravida\n                                fringilla pret nibh at quam in justo, sit auctor\n                                morbi\n                                eget aliquam ium vestibulum mauris.sit auctor\n                                morbi\n                                eget\n                                aliquam site lorem.estibulum mauris.sit auctor\n                                morbi\n                                eget.","testi_sub_heading":"CEO of Manufacture Company","testi_heading":"John Allison"}},"testimonial_block_TFPybV":{"type":"testimonial_block","settings":{"testi_image":"shopify:\/\/shop_images\/kevvy.png","testi_desc_heading":"Lorem ipsum Penatibus eros congue am aliquet\n                                lectus\n                                in\n                                imperdiet vel mattis sed enim enim pulvinar\n                                posuere\n                                augue duis lorem lectus at facilisi in nibh at\n                                quam\n                                in\n                                justo, sit auctor morbi eget aliquam site lorem\n                                gravida\n                                fringilla pret nibh at quam in justo, sit auctor\n                                morbi\n                                eget aliquam ium vestibulum mauris.sit auctor\n                                morbi\n                                eget\n                                aliquam site lorem.estibulum mauris.sit auctor\n                                morbi\n                                eget.","testi_sub_heading":"CEO of Manufacture Company","testi_heading":"Kevvy"}},"testimonial_block_RWt67w":{"type":"testimonial_block","settings":{"testi_image":"shopify:\/\/shop_images\/john.png","testi_desc_heading":"Lorem ipsum Penatibus eros congue am aliquet\n                                lectus\n                                in\n                                imperdiet vel mattis sed enim enim pulvinar\n                                posuere\n                                augue duis lorem lectus at facilisi in nibh at\n                                quam\n                                in\n                                justo, sit auctor morbi eget aliquam site lorem\n                                gravida\n                                fringilla pret nibh at quam in justo, sit auctor\n                                morbi\n                                eget aliquam ium vestibulum mauris.sit auctor\n                                morbi\n                                eget\n                                aliquam site lorem.estibulum mauris.sit auctor\n                                morbi\n                                eget.","testi_sub_heading":"CEO of Manufacture Company","testi_heading":"John"}},"testimonial_block_HyXccE":{"type":"testimonial_block","settings":{"testi_image":"shopify:\/\/shop_images\/kevvy.png","testi_desc_heading":"Lorem ipsum Penatibus eros congue am aliquet\n                                lectus\n                                in\n                                imperdiet vel mattis sed enim enim pulvinar\n                                posuere\n                                augue duis lorem lectus at facilisi in nibh at\n                                quam\n                                in\n                                justo, sit auctor morbi eget aliquam site lorem\n                                gravida\n                                fringilla pret nibh at quam in justo, sit auctor\n                                morbi\n                                eget aliquam ium vestibulum mauris.sit auctor\n                                morbi\n                                eget\n                                aliquam site lorem.estibulum mauris.sit auctor\n                                morbi\n                                eget.","testi_sub_heading":"CEO of Manufacture Company","testi_heading":"Kevvy"}}},"block_order":["testimonial_block_hLU7a4","testimonial_block_TFPybV","testimonial_block_RWt67w","testimonial_block_HyXccE"],"settings":{"testi_back_image":"shopify:\/\/shop_images\/group-col.png","testi_sec_heading":"<h2>We Will Give You An Impeccable Look Hair Experience Like                        No Other<\/h2><p>Save Up To 35% Off<\/p>","testi_sub_heading":"What Our Clients Say's","testi_sec_url":"<p><a href=\"#\" title=\"Shop All\">Shop All<\/a><\/p>","carousel_autoplay":false}},"custom_faq_section_7Mjxkb":{"type":"custom-faq-section","blocks":{"faq_block_xjUyT9":{"type":"faq_block","settings":{"faq_question":"Why is the moon sometimes out during the day?","faq_answer":"Lorem ipsum dolor sit amet, consectetur adipiscing elit, sed do eiusmod tempor incididunt ut labore et dolore magna aliqua. Elementum sagittis vitae et leo duis ut. Ut tortor pretium viverra suspendisse potenti."}},"faq_block_RY9ked":{"type":"faq_block","settings":{"faq_question":"Why is the sky blue?","faq_answer":"Lorem ipsum dolor sit amet, consectetur adipiscing elit, sed do eiusmod tempor incididunt ut labore et dolore magna aliqua. Elementum sagittis vitae et leo duis ut. Ut tortor pretium viverra suspendisse potenti."}},"faq_block_JXbcHw":{"type":"faq_block","settings":{"faq_question":"Will we ever discover aliens?","faq_answer":"Lorem ipsum dolor sit amet, consectetur adipiscing elit, sed do eiusmod tempor incididunt ut labore et dolore magna aliqua. Elementum sagittis vitae et leo duis ut. Ut tortor pretium viverra suspendisse potenti."}},"faq_block_4TRfbj":{"type":"faq_block","settings":{"faq_question":"How much does the Earth weigh?","faq_answer":"Lorem ipsum dolor sit amet, consectetur adipiscing elit, sed do eiusmod tempor incididunt ut labore et dolore magna aliqua. Elementum sagittis vitae et leo duis ut. Ut tortor pretium viverra suspendisse potenti."}},"faq_block_TXzQhV":{"type":"faq_block","settings":{"faq_question":"How do airplanes stay up?","faq_answer":"Lorem ipsum dolor sit amet, consectetur adipiscing elit, sed do eiusmod tempor incididunt ut labore et dolore magna aliqua. Elementum sagittis vitae et leo duis ut. Ut tortor pretium viverra suspendisse potenti."}},"faq_block_hRfdAh":{"type":"faq_block","settings":{"faq_question":"Why is the moon sometimes out during the day?","faq_answer":"Lorem ipsum dolor sit amet, consectetur adipiscing elit, sed do eiusmod tempor incididunt ut labore et dolore magna aliqua. Elementum sagittis vitae et leo duis ut. Ut tortor pretium viverra suspendisse potenti."}},"faq_block_hV8HaV":{"type":"faq_block","settings":{"faq_question":"Why is the sky blue?","faq_answer":"Lorem ipsum dolor sit amet, consectetur adipiscing elit, sed do eiusmod tempor incididunt ut labore et dolore magna aliqua. Elementum sagittis vitae et leo duis ut. Ut tortor pretium viverra suspendisse potenti."}},"faq_block_9WX4KT":{"type":"faq_block","settings":{"faq_question":"Will we ever discover aliens?","faq_answer":"Lorem ipsum dolor sit amet, consectetur adipiscing elit, sed do eiusmod tempor incididunt ut labore et dolore magna aliqua. Elementum sagittis vitae et leo duis ut. Ut tortor pretium viverra suspendisse potenti."}},"faq_block_xFPzA7":{"type":"faq_block","settings":{"faq_question":"How much does the Earth weigh?","faq_answer":"Lorem ipsum dolor sit amet, consectetur adipiscing elit, sed do eiusmod tempor incididunt ut labore et dolore magna aliqua. Elementum sagittis vitae et leo duis ut. Ut tortor pretium viverra suspendisse potenti."}},"faq_block_GNQcUB":{"type":"faq_block","settings":{"faq_question":"How do airplanes stay up?","faq_answer":"Lorem ipsum dolor sit amet, consectetur adipiscing elit, sed do eiusmod tempor incididunt ut labore et dolore magna aliqua. Elementum sagittis vitae et leo duis ut. Ut tortor pretium viverra suspendisse potenti."}}},"block_order":["faq_block_xjUyT9","faq_block_RY9ked","faq_block_JXbcHw","faq_block_4TRfbj","faq_block_TXzQhV","faq_block_hRfdAh","faq_block_hV8HaV","faq_block_9WX4KT","faq_block_xFPzA7","faq_block_GNQcUB"],"settings":{"faq_heading":"Frequently Asked Questions"}},"custom_product_section_X9jwCX":{"type":"custom-product-section","settings":{"selected_collection":"trending-now","products_heading":"Trending Now"}}},"order":["custom_home_silder_tXgf4z","custom_skin_care_section_GmexPd","custom_product_section_F8trA8","custom_quick_results_GnjBfW","custom_star_section_Yte9yA","custom_collections_tTNJUF","custom_product_section_wPH4fX","custom_testimonials_gM4zQw","custom_faq_section_7Mjxkb","custom_product_section_X9jwCX"]}